{ "_id" : { "$oid" : "5a7719d76abb5042987eec3a" }, "metadata" : { "_class" : "com.xuecheng.framework.domain.cms.CmsPage", "_id" : { "$oid" : "5a754adf6abb500ad05688d9" }, "siteId" : "5a751fab6abb5044e0d19ea1", "pageName" : "index.html", "pageAliase" : "首页", "pageWebPath" : "/index.html", "pagePhysicalPath" : "F:\\develop\\xc_portal_static\\", "pageType" : "0", "pageCreateTime" : { "$date" : "2018-02-03T05:37:53.256+0000" }, "templateFileId" : "5a77119c6abb5042987eec31", "htmlFileId" : "5a7715836abb5042987eec35" }, "filename" : "index.html", "aliases" : null, "chunkSize" : { "$numberLong" : "261120" }, "uploadDate" : { "$date" : "2018-02-04T14:33:59.862+0000" }, "length" : { "$numberLong" : "33595" }, "contentType" : null, "md5" : "abea232200712179ed3dce1505c1be46" }
{ "_id" : { "$oid" : "5a795bbcdd573c04508f3a59" }, "metadata" : { "_class" : "com.xuecheng.framework.domain.cms.CmsPage", "_id" : { "$oid" : "5a795ac7dd573c04508f3a56" }, "siteId" : "5a751fab6abb5044e0d19ea1", "pageName" : "index_banner.html", "pageAliase" : "轮播图", "pageWebPath" : "/include/index_banner.html", "pagePhysicalPath" : "F:\\develop\\xc_portal_static\\include\\", "pageType" : "0", "pageCreateTime" : { "$date" : "2018-02-06T07:34:21.255+0000" }, "templateFileId" : "5a795b9cdd573c04508f3a57" }, "filename" : "index_banner.html", "aliases" : null, "chunkSize" : { "$numberLong" : "261120" }, "uploadDate" : { "$date" : "2018-02-06T07:39:40.711+0000" }, "length" : { "$numberLong" : "685" }, "contentType" : null, "md5" : "8c42945e782d930ee844985414b0a059" }
{ "_id" : { "$oid" : "5a7b9fa5d019f14224087d64" }, "metadata" : { "_class" : "com.xuecheng.framework.domain.cms.CmsPage", "_id" : { "$oid" : "5a7b9ec1d019f14224087d62" }, "siteId" : "5a751fab6abb5044e0d19ea1", "pageName" : "test.html", "pageAliase" : "测试", "pageWebPath" : "/test.html", "pagePhysicalPath" : "d:/", "pageType" : "0", "pageCreateTime" : { "$date" : "2018-02-08T00:49:47.525+0000" } }, "filename" : "test.html", "aliases" : null, "chunkSize" : { "$numberLong" : "261120" }, "uploadDate" : { "$date" : "2018-02-08T00:53:57.128+0000" }, "length" : { "$numberLong" : "458" }, "contentType" : null, "md5" : "d638b4c717b69437c4c0394de895c519" }
{ "_id" : { "$oid" : "5a7be68cd019f14d90a1fb1d" }, "metadata" : { "_class" : "com.xuecheng.framework.domain.cms.CmsPage", "_id" : { "$oid" : "5a7be667d019f14d90a1fb1c" }, "siteId" : "5a751fab6abb5044e0d19ea1", "pageName" : "index_category.html", "pageAliase" : "分类导航", "pageWebPath" : "/include/index_category.html", "pagePhysicalPath" : "F:\\develop\\xc_portal_static\\include\\", "pageType" : "0", "pageCreateTime" : { "$date" : "2018-02-08T05:55:07.590+0000" } }, "filename" : "index_category.html", "aliases" : null, "chunkSize" : { "$numberLong" : "261120" }, "uploadDate" : { "$date" : "2018-02-08T05:56:28.108+0000" }, "length" : { "$numberLong" : "2262" }, "contentType" : null, "md5" : "cf8bd8134ef492faf3fd39e10779793a" }
{ "_id" : { "$oid" : "5a7be8e4d019f14d90a1fb21" }, "metadata" : { "_class" : "com.xuecheng.framework.domain.cms.CmsPage", "_id" : { "$oid" : "5a7be667d019f14d90a1fb1c" }, "siteId" : "5a751fab6abb5044e0d19ea1", "pageName" : "index_category.html", "pageAliase" : "分类导航", "pageWebPath" : "/include/index_category.html", "pagePhysicalPath" : "F:\\develop\\xc_portal_static\\include\\", "pageType" : "0", "pageCreateTime" : { "$date" : "2018-02-08T05:55:07.590+0000" }, "templateFileId" : "5a7be68cd019f14d90a1fb1d", "htmlFileId" : "5a7be696d019f14d90a1fb1f" }, "filename" : "index_category-2.html", "aliases" : null, "chunkSize" : { "$numberLong" : "261120" }, "uploadDate" : { "$date" : "2018-02-08T06:06:28.679+0000" }, "length" : { "$numberLong" : "7149" }, "contentType" : null, "md5" : "18b96b47e5ed2772b9216f3743513009" }
{ "_id" : { "$oid" : "5a7c1c54d019f14d90a1fb23" }, "metadata" : { "_class" : "com.xuecheng.framework.domain.cms.CmsPage", "_id" : { "$oid" : "5a754adf6abb500ad05688d9" }, "siteId" : "5a751fab6abb5044e0d19ea1", "pageName" : "index.html", "pageAliase" : "首页", "pageWebPath" : "/index.html", "pagePhysicalPath" : "F:\\develop\\xc_portal_static\\", "pageType" : "0", "pageCreateTime" : { "$date" : "2018-02-03T05:37:53.256+0000" }, "templateFileId" : "5a7719d76abb5042987eec3a", "htmlFileId" : "5a7719e46abb5042987eec3c" }, "filename" : "index-2.html", "aliases" : null, "chunkSize" : { "$numberLong" : "261120" }, "uploadDate" : { "$date" : "2018-02-08T09:45:56.702+0000" }, "length" : { "$numberLong" : "33595" }, "contentType" : null, "md5" : "abea232200712179ed3dce1505c1be46" }
{ "_id" : { "$oid" : "5a94d6c6b00ffc3ab4bfa4f4" }, "metadata" : { "_class" : "com.xuecheng.framework.domain.cms.CmsPage", "_id" : { "$oid" : "5a92141cb00ffc5a448ff1a0" }, "siteId" : "5a751fab6abb5044e0d19ea1", "pageName" : "10101.html", "pageAliase" : "课程详情页面", "pageWebPath" : "/course/", "pagePhysicalPath" : "F:\\\\develop\\\\xc_portal_static\\\\course\\\\", "pageType" : "1", "pageCreateTime" : { "$date" : "2018-02-25T01:37:25.974+0000" }, "templateId" : "5a925be7b00ffc4b3c1578b5", "pageParams" : [ { "pageParamName" : "courseid", "pageParamValue" : "4028e581617f945f01617f9dabc40000" } ], "htmlFileId" : "5a94d5e8b00ffc3ab4bfa4f2" }, "filename" : "10101.html", "aliases" : null, "chunkSize" : { "$numberLong" : "261120" }, "uploadDate" : { "$date" : "2018-02-27T03:55:50.207+0000" }, "length" : { "$numberLong" : "81" }, "contentType" : null, "md5" : "a5e28c145ee299e53955043972866329" }
{ "_id" : { "$oid" : "5a9620bab00ffc5a9cdebaee" }, "metadata" : { "_class" : "com.xuecheng.framework.domain.cms.CmsPage", "_id" : { "$oid" : "5a9620b9b00ffc5a9cdebaed" }, "siteId" : "5a751fab6abb5044e0d19ea1", "pageName" : "4028e58161bd3b380161bd3bcd2f0000.html", "pageAliase" : "课程详情页面", "pageWebPath" : "/course/", "pagePhysicalPath" : "F:\\develop\\xc_portal_static\\course\\", "pageType" : "1", "pageCreateTime" : { "$date" : "2018-02-28T03:23:36.168+0000" }, "templateId" : "5a925be7b00ffc4b3c1578b5" }, "filename" : "4028e58161bd3b380161bd3bcd2f0000.html", "aliases" : null, "chunkSize" : { "$numberLong" : "261120" }, "uploadDate" : { "$date" : "2018-02-28T03:23:38.119+0000" }, "length" : { "$numberLong" : "37755" }, "contentType" : null, "md5" : "f4ff0ca8e573e5dc657d14d1e1688213" }
{ "_id" : { "$oid" : "5a9629cdb00ffc514038faed" }, "metadata" : { "_class" : "com.xuecheng.framework.domain.cms.CmsPage", "_id" : { "$oid" : "5a94d79cb00ffc3ab4bfa4f6" }, "siteId" : "5a751fab6abb5044e0d19ea1", "pageName" : "4028e581617f945f01617f9dabc40000.html", "pageAliase" : "课程详情页面", "pageWebPath" : "/course/", "pagePhysicalPath" : "F:\\develop\\xc_portal_static\\course\\", "pageType" : "1", "pageCreateTime" : { "$date" : "2018-02-27T03:59:21.353+0000" }, "templateId" : "5a925be7b00ffc4b3c1578b5", "pageParams" : [ { "pageParamName" : "courseid", "pageParamValue" : "4028e581617f945f01617f9dabc40000" } ], "htmlFileId" : "5a95ff5db00ffc4b44f63e03" }, "filename" : "4028e581617f945f01617f9dabc40000.html", "aliases" : null, "chunkSize" : { "$numberLong" : "261120" }, "uploadDate" : { "$date" : "2018-02-28T04:02:21.645+0000" }, "length" : { "$numberLong" : "50136" }, "contentType" : null, "md5" : "e5af4bdc7638503cbde3b1d6d81ee488" }
{ "_id" : { "$oid" : "5a962a07b00ffc514038faef" }, "metadata" : { "_class" : "com.xuecheng.framework.domain.cms.CmsPage", "_id" : { "$oid" : "5a96114fb00ffc4b44f63e06" }, "siteId" : "5a751fab6abb5044e0d19ea1", "pageName" : "4028e58161bcf7f40161bcf8b77c0000.html", "pageAliase" : "课程详情页面", "pageWebPath" : "/course/", "pagePhysicalPath" : "F:\\develop\\xc_portal_static\\course\\", "pageType" : "1", "pageCreateTime" : { "$date" : "2018-02-28T02:17:45.785+0000" }, "templateId" : "5a925be7b00ffc4b3c1578b5", "pageParams" : [ { "pageParamName" : "courseid", "pageParamValue" : "4028e58161bcf7f40161bcf8b77c0000" } ], "htmlFileId" : "5a961158b00ffc4b44f63e07" }, "filename" : "4028e58161bcf7f40161bcf8b77c0000.html", "aliases" : null, "chunkSize" : { "$numberLong" : "261120" }, "uploadDate" : { "$date" : "2018-02-28T04:03:19.372+0000" }, "length" : { "$numberLong" : "50331" }, "contentType" : null, "md5" : "8349a98c3a17de423dd04f15f0e68d05" }
{ "_id" : { "$oid" : "5a962a0eb00ffc514038faf1" }, "metadata" : { "_class" : "com.xuecheng.framework.domain.cms.CmsPage", "_id" : { "$oid" : "5a961ff6b00ffc5a9cdebaea" }, "siteId" : "5a751fab6abb5044e0d19ea1", "pageName" : "4028e58161bd22e60161bd23672a0001.html", "pageAliase" : "课程详情页面", "pageWebPath" : "/course/", "pagePhysicalPath" : "F:\\develop\\xc_portal_static\\course\\", "pageType" : "1", "pageCreateTime" : { "$date" : "2018-02-28T03:20:20.988+0000" }, "templateId" : "5a925be7b00ffc4b3c1578b5", "pageParams" : [ { "pageParamName" : "courseid", "pageParamValue" : "4028e58161bd22e60161bd23672a0001" } ], "htmlFileId" : "5a961ff7b00ffc5a9cdebaeb" }, "filename" : "4028e58161bd22e60161bd23672a0001.html", "aliases" : null, "chunkSize" : { "$numberLong" : "261120" }, "uploadDate" : { "$date" : "2018-02-28T04:03:26.990+0000" }, "length" : { "$numberLong" : "49335" }, "contentType" : null, "md5" : "e40a6cb60b841dc73ea3db46dc77b225" }
{ "_id" : { "$oid" : "5a962a13b00ffc514038faf3" }, "metadata" : { "_class" : "com.xuecheng.framework.domain.cms.CmsPage", "_id" : { "$oid" : "5a9620b9b00ffc5a9cdebaed" }, "siteId" : "5a751fab6abb5044e0d19ea1", "pageName" : "4028e58161bd3b380161bd3bcd2f0000.html", "pageAliase" : "课程详情页面", "pageWebPath" : "/course/", "pagePhysicalPath" : "F:\\develop\\xc_portal_static\\course\\", "pageType" : "1", "pageCreateTime" : { "$date" : "2018-02-28T03:28:02.459+0000" }, "templateId" : "5a925be7b00ffc4b3c1578b5", "pageParams" : [ { "pageParamName" : "courseid", "pageParamValue" : "4028e58161bd3b380161bd3bcd2f0000" } ], "htmlFileId" : "5a9621c2b00ffc5a9cdebaf0" }, "filename" : "4028e58161bd3b380161bd3bcd2f0000.html", "aliases" : null, "chunkSize" : { "$numberLong" : "261120" }, "uploadDate" : { "$date" : "2018-02-28T04:03:31.587+0000" }, "length" : { "$numberLong" : "50320" }, "contentType" : null, "md5" : "6b66e7574cbc57fd208678bb51513248" }
{ "_id" : { "$oid" : "5abf3d515b05aa0444d79840" }, "filename" : "测试文件", "aliases" : null, "chunkSize" : { "$numberLong" : "261120" }, "uploadDate" : { "$date" : "2018-03-31T07:48:33.992+0000" }, "length" : { "$numberLong" : "76" }, "contentType" : "", "md5" : "4e432666eee061a62b386d0d7dae7e66" }
{ "_id" : { "$oid" : "5abf5ce45b05aa073c7e5172" }, "metadata" : { "_class" : "com.xuecheng.framework.domain.cms.CmsPage", "_id" : { "$oid" : "5abefd525b05aa293098fca6" }, "siteId" : "5a751fab6abb5044e0d19ea1", "pageName" : "index2.html", "pageAliase" : "ccc", "pageWebPath" : "//fdsfs", "pageParameter" : "", "pagePhysicalPath" : "d:/fds/fdsfds", "pageType" : "1", "pageCreateTime" : { "$date" : "2018-03-31T03:14:49.771+0000" }, "templateId" : "5abf57965b05aa2ebcfce6d1", "htmlFileId" : "5abf5cda5b05aa073c7e5170", "dataUrl" : "http://localhost:31001/cms/user/get/1" }, "filename" : "index2.html", "aliases" : null, "chunkSize" : { "$numberLong" : "261120" }, "uploadDate" : { "$date" : "2018-03-31T10:03:16.395+0000" }, "length" : { "$numberLong" : "81" }, "contentType" : null, "md5" : "7321fa216da0ac74275ea3053bb98f72" }
{ "_id" : { "$oid" : "5ad8a51f68db5240b42e5fea" }, "metadata" : { "_class" : "com.xuecheng.framework.domain.cms.CmsTemplate", "_id" : { "$oid" : "5a925be7b00ffc4b3c1578b5" }, "siteId" : "5a751fab6abb5044e0d19ea1", "templateName" : "课程详情页面", "templateParameter" : "courseid" }, "filename" : null, "aliases" : null, "chunkSize" : { "$numberLong" : "261120" }, "uploadDate" : { "$date" : "2018-04-19T14:18:07.938+0000" }, "length" : { "$numberLong" : "50696" }, "contentType" : null, "md5" : "58baf98e22e3f3e35cffddf8a3246301" }
{ "_id" : { "$oid" : "5ad8a53468db5240b42e5fec" }, "metadata" : { "_class" : "com.xuecheng.framework.domain.cms.CmsPage", "_id" : { "$oid" : "5ad89f3168db5240b42e5fe1" }, "siteId" : "5a751fab6abb5044e0d19ea1", "pageName" : "preview_402885816243d2dd016243f24c030002.html", "pageAliase" : "课程预览页面", "pageWebPath" : "/coursepre/", "pagePhysicalPath" : "F:\\develop\\xc_portal_static\\coursepre\\", "pageType" : "1", "pageCreateTime" : { "$date" : "2018-04-19T13:52:48.693+0000" }, "templateId" : "5a925be7b00ffc4b3c1578b5", "dataUrl" : "http://localhost:40200/portalview/course/get/402885816243d2dd016243f24c030002" }, "filename" : "preview_402885816243d2dd016243f24c030002.html", "aliases" : null, "chunkSize" : { "$numberLong" : "261120" }, "uploadDate" : { "$date" : "2018-04-19T14:18:28.215+0000" }, "length" : { "$numberLong" : "50497" }, "contentType" : null, "md5" : "8bc87b48a9ebaebda6011b661ded56df" }
{ "_id" : { "$oid" : "5ad8a54d68db5240b42e5fee" }, "metadata" : { "_class" : "com.xuecheng.framework.domain.cms.CmsPage", "_id" : { "$oid" : "5ad89f3168db5240b42e5fe1" }, "siteId" : "5a751fab6abb5044e0d19ea1", "pageName" : "preview_402885816243d2dd016243f24c030002.html", "pageAliase" : "课程预览页面", "pageWebPath" : "/coursepre/", "pagePhysicalPath" : "F:\\develop\\xc_portal_static\\coursepre\\", "pageType" : "1", "pageCreateTime" : { "$date" : "2018-04-19T13:52:48.693+0000" }, "templateId" : "5a925be7b00ffc4b3c1578b5", "htmlFileId" : "5ad8a53468db5240b42e5fec", "dataUrl" : "http://localhost:40200/portalview/course/get/402885816243d2dd016243f24c030002" }, "filename" : "preview_402885816243d2dd016243f24c030002.html", "aliases" : null, "chunkSize" : { "$numberLong" : "261120" }, "uploadDate" : { "$date" : "2018-04-19T14:18:53.478+0000" }, "length" : { "$numberLong" : "50497" }, "contentType" : null, "md5" : "8bc87b48a9ebaebda6011b661ded56df" }
{ "_id" : { "$oid" : "5ad8a5c168db5240b42e5ff0" }, "metadata" : { "_class" : "com.xuecheng.framework.domain.cms.CmsPage", "_id" : { "$oid" : "5ad89f3168db5240b42e5fe1" }, "siteId" : "5a751fab6abb5044e0d19ea1", "pageName" : "preview_402885816243d2dd016243f24c030002.html", "pageAliase" : "课程预览页面", "pageWebPath" : "/coursepre/", "pagePhysicalPath" : "F:\\develop\\xc_portal_static\\coursepre\\", "pageType" : "1", "pageCreateTime" : { "$date" : "2018-04-19T13:52:48.693+0000" }, "templateId" : "5a925be7b00ffc4b3c1578b5", "htmlFileId" : "5ad8a54d68db5240b42e5fee", "dataUrl" : "http://localhost:40200/portalview/course/get/402885816243d2dd016243f24c030002" }, "filename" : "preview_402885816243d2dd016243f24c030002.html", "aliases" : null, "chunkSize" : { "$numberLong" : "261120" }, "uploadDate" : { "$date" : "2018-04-19T14:20:49.356+0000" }, "length" : { "$numberLong" : "50497" }, "contentType" : null, "md5" : "8bc87b48a9ebaebda6011b661ded56df" }
{ "_id" : { "$oid" : "5ad8a5e168db5240b42e5ff2" }, "metadata" : { "_class" : "com.xuecheng.framework.domain.cms.CmsPage", "_id" : { "$oid" : "5ad89f3168db5240b42e5fe1" }, "siteId" : "5a751fab6abb5044e0d19ea1", "pageName" : "preview_402885816243d2dd016243f24c030002.html", "pageAliase" : "课程预览页面", "pageWebPath" : "/coursepre/", "pagePhysicalPath" : "F:\\develop\\xc_portal_static\\coursepre\\", "pageType" : "1", "pageCreateTime" : { "$date" : "2018-04-19T13:52:48.693+0000" }, "templateId" : "5a925be7b00ffc4b3c1578b5", "htmlFileId" : "5ad8a5c168db5240b42e5ff0", "dataUrl" : "http://localhost:40200/portalview/course/get/402885816243d2dd016243f24c030002" }, "filename" : "preview_402885816243d2dd016243f24c030002.html", "aliases" : null, "chunkSize" : { "$numberLong" : "261120" }, "uploadDate" : { "$date" : "2018-04-19T14:21:21.091+0000" }, "length" : { "$numberLong" : "50497" }, "contentType" : null, "md5" : "8bc87b48a9ebaebda6011b661ded56df" }
{ "_id" : { "$oid" : "5ad8a5e868db5240b42e5ff4" }, "metadata" : { "_class" : "com.xuecheng.framework.domain.cms.CmsPage", "_id" : { "$oid" : "5ad89f3168db5240b42e5fe1" }, "siteId" : "5a751fab6abb5044e0d19ea1", "pageName" : "preview_402885816243d2dd016243f24c030002.html", "pageAliase" : "课程预览页面", "pageWebPath" : "/coursepre/", "pagePhysicalPath" : "F:\\develop\\xc_portal_static\\coursepre\\", "pageType" : "1", "pageCreateTime" : { "$date" : "2018-04-19T13:52:48.693+0000" }, "templateId" : "5a925be7b00ffc4b3c1578b5", "htmlFileId" : "5ad8a5e168db5240b42e5ff2", "dataUrl" : "http://localhost:40200/portalview/course/get/402885816243d2dd016243f24c030002" }, "filename" : "preview_402885816243d2dd016243f24c030002.html", "aliases" : null, "chunkSize" : { "$numberLong" : "261120" }, "uploadDate" : { "$date" : "2018-04-19T14:21:28.856+0000" }, "length" : { "$numberLong" : "50497" }, "contentType" : null, "md5" : "8bc87b48a9ebaebda6011b661ded56df" }
{ "_id" : { "$oid" : "5ad8a62768db5240b42e5ff6" }, "metadata" : { "_class" : "com.xuecheng.framework.domain.cms.CmsPage", "_id" : { "$oid" : "5ad89f3168db5240b42e5fe1" }, "siteId" : "5a751fab6abb5044e0d19ea1", "pageName" : "preview_402885816243d2dd016243f24c030002.html", "pageAliase" : "课程预览页面", "pageWebPath" : "/coursepre/", "pagePhysicalPath" : "F:\\develop\\xc_portal_static\\coursepre\\", "pageType" : "1", "pageCreateTime" : { "$date" : "2018-04-19T13:52:48.693+0000" }, "templateId" : "5a925be7b00ffc4b3c1578b5", "htmlFileId" : "5ad8a5e868db5240b42e5ff4", "dataUrl" : "http://localhost:40200/portalview/course/get/402885816243d2dd016243f24c030002" }, "filename" : "preview_402885816243d2dd016243f24c030002.html", "aliases" : null, "chunkSize" : { "$numberLong" : "261120" }, "uploadDate" : { "$date" : "2018-04-19T14:22:31.576+0000" }, "length" : { "$numberLong" : "50497" }, "contentType" : null, "md5" : "8bc87b48a9ebaebda6011b661ded56df" }
{ "_id" : { "$oid" : "5ad8a69068db5240b42e5ff8" }, "metadata" : { "_class" : "com.xuecheng.framework.domain.cms.CmsPage", "_id" : { "$oid" : "5ad89f3168db5240b42e5fe1" }, "siteId" : "5a751fab6abb5044e0d19ea1", "pageName" : "preview_402885816243d2dd016243f24c030002.html", "pageAliase" : "课程预览页面", "pageWebPath" : "/coursepre/", "pagePhysicalPath" : "F:\\develop\\xc_portal_static\\coursepre\\", "pageType" : "1", "pageCreateTime" : { "$date" : "2018-04-19T13:52:48.693+0000" }, "templateId" : "5a925be7b00ffc4b3c1578b5", "htmlFileId" : "5ad8a62768db5240b42e5ff6", "dataUrl" : "http://localhost:40200/portalview/course/get/402885816243d2dd016243f24c030002" }, "filename" : "preview_402885816243d2dd016243f24c030002.html", "aliases" : null, "chunkSize" : { "$numberLong" : "261120" }, "uploadDate" : { "$date" : "2018-04-19T14:24:16.089+0000" }, "length" : { "$numberLong" : "50497" }, "contentType" : null, "md5" : "8bc87b48a9ebaebda6011b661ded56df" }
{ "_id" : { "$oid" : "5ad8a80c68db5240b42e5ffa" }, "metadata" : { "_class" : "com.xuecheng.framework.domain.cms.CmsPage", "_id" : { "$oid" : "5ad89f3168db5240b42e5fe1" }, "siteId" : "5a751fab6abb5044e0d19ea1", "pageName" : "preview_402885816243d2dd016243f24c030002.html", "pageAliase" : "课程预览页面", "pageWebPath" : "/coursepre/", "pagePhysicalPath" : "F:\\develop\\xc_portal_static\\coursepre\\", "pageType" : "1", "pageCreateTime" : { "$date" : "2018-04-19T13:52:48.693+0000" }, "templateId" : "5a925be7b00ffc4b3c1578b5", "htmlFileId" : "5ad8a69068db5240b42e5ff8", "dataUrl" : "http://localhost:40200/portalview/course/get/402885816243d2dd016243f24c030002" }, "filename" : "preview_402885816243d2dd016243f24c030002.html", "aliases" : null, "chunkSize" : { "$numberLong" : "261120" }, "uploadDate" : { "$date" : "2018-04-19T14:30:36.841+0000" }, "length" : { "$numberLong" : "50497" }, "contentType" : null, "md5" : "8bc87b48a9ebaebda6011b661ded56df" }
{ "_id" : { "$oid" : "5ad8a8d868db524590edd4ea" }, "metadata" : { "_class" : "com.xuecheng.framework.domain.cms.CmsPage", "_id" : { "$oid" : "5ad89f3168db5240b42e5fe1" }, "siteId" : "5a751fab6abb5044e0d19ea1", "pageName" : "preview_402885816243d2dd016243f24c030002.html", "pageAliase" : "课程预览页面", "pageWebPath" : "/coursepre/", "pagePhysicalPath" : "F:\\develop\\xc_portal_static\\coursepre\\", "pageType" : "1", "pageCreateTime" : { "$date" : "2018-04-19T13:52:48.693+0000" }, "templateId" : "5a925be7b00ffc4b3c1578b5", "htmlFileId" : "5ad8a80c68db5240b42e5ffa", "dataUrl" : "http://localhost:40200/portalview/course/get/402885816243d2dd016243f24c030002" }, "filename" : "preview_402885816243d2dd016243f24c030002.html", "aliases" : null, "chunkSize" : { "$numberLong" : "261120" }, "uploadDate" : { "$date" : "2018-04-19T14:34:00.516+0000" }, "length" : { "$numberLong" : "50497" }, "contentType" : null, "md5" : "8bc87b48a9ebaebda6011b661ded56df" }
{ "_id" : { "$oid" : "5ad8ab8668db524590edd4ed" }, "metadata" : { "_class" : "com.xuecheng.framework.domain.cms.CmsPage", "_id" : { "$oid" : "5ad8ab4068db524590edd4ec" }, "siteId" : "5a751fab6abb5044e0d19ea1", "pageName" : "preview_402885816243d2dd016243f24c030002.html", "pageAliase" : "课程预览页面", "pageWebPath" : "/coursepre/", "pagePhysicalPath" : "F:\\develop\\xc_portal_static\\coursepre\\", "pageType" : "1", "pageCreateTime" : { "$date" : "2018-04-19T14:44:16.005+0000" }, "templateId" : "5a925be7b00ffc4b3c1578b5", "dataUrl" : "http://localhost:40200/portalview/course/get/402885816243d2dd016243f24c030002" }, "filename" : "preview_402885816243d2dd016243f24c030002.html", "aliases" : null, "chunkSize" : { "$numberLong" : "261120" }, "uploadDate" : { "$date" : "2018-04-19T14:45:26.984+0000" }, "length" : { "$numberLong" : "50497" }, "contentType" : null, "md5" : "8bc87b48a9ebaebda6011b661ded56df" }
{ "_id" : { "$oid" : "5ad8ab8768db524590edd4ef" }, "metadata" : { "_class" : "com.xuecheng.framework.domain.cms.CmsPage", "_id" : { "$oid" : "5ad8ab4068db524590edd4ec" }, "siteId" : "5a751fab6abb5044e0d19ea1", "pageName" : "preview_402885816243d2dd016243f24c030002.html", "pageAliase" : "课程预览页面", "pageWebPath" : "/coursepre/", "pagePhysicalPath" : "F:\\develop\\xc_portal_static\\coursepre\\", "pageType" : "1", "pageCreateTime" : { "$date" : "2018-04-19T14:44:16.005+0000" }, "templateId" : "5a925be7b00ffc4b3c1578b5", "htmlFileId" : "5ad8ab8668db524590edd4ed", "dataUrl" : "http://localhost:40200/portalview/course/get/402885816243d2dd016243f24c030002" }, "filename" : "preview_402885816243d2dd016243f24c030002.html", "aliases" : null, "chunkSize" : { "$numberLong" : "261120" }, "uploadDate" : { "$date" : "2018-04-19T14:45:27.023+0000" }, "length" : { "$numberLong" : "50497" }, "contentType" : null, "md5" : "8bc87b48a9ebaebda6011b661ded56df" }
{ "_id" : { "$oid" : "5ad8ab9968db524590edd4f1" }, "metadata" : { "_class" : "com.xuecheng.framework.domain.cms.CmsPage", "_id" : { "$oid" : "5ad8ab4068db524590edd4ec" }, "siteId" : "5a751fab6abb5044e0d19ea1", "pageName" : "preview_402885816243d2dd016243f24c030002.html", "pageAliase" : "课程预览页面", "pageWebPath" : "/coursepre/", "pagePhysicalPath" : "F:\\develop\\xc_portal_static\\coursepre\\", "pageType" : "1", "pageCreateTime" : { "$date" : "2018-04-19T14:44:16.005+0000" }, "templateId" : "5a925be7b00ffc4b3c1578b5", "htmlFileId" : "5ad8ab8768db524590edd4ef", "dataUrl" : "http://localhost:40200/portalview/course/get/402885816243d2dd016243f24c030002" }, "filename" : "preview_402885816243d2dd016243f24c030002.html", "aliases" : null, "chunkSize" : { "$numberLong" : "261120" }, "uploadDate" : { "$date" : "2018-04-19T14:45:45.078+0000" }, "length" : { "$numberLong" : "50497" }, "contentType" : null, "md5" : "8bc87b48a9ebaebda6011b661ded56df" }
{ "_id" : { "$oid" : "5ad8ac1168db523f9c699e24" }, "metadata" : { "_class" : "com.xuecheng.framework.domain.cms.CmsPage", "_id" : { "$oid" : "5ad8ac1168db523f9c699e23" }, "siteId" : "5a751fab6abb5044e0d19ea1", "pageName" : "preview_402885816243d2dd016243f24c030002.html", "pageAliase" : "课程预览页面", "pageWebPath" : "/coursepre/", "pagePhysicalPath" : "F:\\develop\\xc_portal_static\\course\\preview\\", "pageType" : "1", "pageCreateTime" : { "$date" : "2018-04-19T14:47:45.221+0000" }, "templateId" : "5a925be7b00ffc4b3c1578b5", "dataUrl" : "http://localhost:40200/portalview/course/get/402885816243d2dd016243f24c030002" }, "filename" : "preview_402885816243d2dd016243f24c030002.html", "aliases" : null, "chunkSize" : { "$numberLong" : "261120" }, "uploadDate" : { "$date" : "2018-04-19T14:47:45.673+0000" }, "length" : { "$numberLong" : "50497" }, "contentType" : null, "md5" : "8bc87b48a9ebaebda6011b661ded56df" }
{ "_id" : { "$oid" : "5ad8ad0068db523f9c699e26" }, "metadata" : { "_class" : "com.xuecheng.framework.domain.cms.CmsPage", "_id" : { "$oid" : "5ad8ac1168db523f9c699e23" }, "siteId" : "5a751fab6abb5044e0d19ea1", "pageName" : "preview_402885816243d2dd016243f24c030002.html", "pageAliase" : "课程预览页面", "pageWebPath" : "/coursepre/", "pagePhysicalPath" : "F:\\develop\\xc_portal_static\\course\\preview\\", "pageType" : "1", "pageCreateTime" : { "$date" : "2018-04-19T14:47:45.221+0000" }, "templateId" : "5a925be7b00ffc4b3c1578b5", "htmlFileId" : "5ad8ac1168db523f9c699e24", "dataUrl" : "http://localhost:40200/portalview/course/get/402885816243d2dd016243f24c030002" }, "filename" : "preview_402885816243d2dd016243f24c030002.html", "aliases" : null, "chunkSize" : { "$numberLong" : "261120" }, "uploadDate" : { "$date" : "2018-04-19T14:51:44.764+0000" }, "length" : { "$numberLong" : "50497" }, "contentType" : null, "md5" : "8bc87b48a9ebaebda6011b661ded56df" }
{ "_id" : { "$oid" : "5ad8ad1d68db523f9c699e28" }, "metadata" : { "_class" : "com.xuecheng.framework.domain.cms.CmsPage", "_id" : { "$oid" : "5ad8ac1168db523f9c699e23" }, "siteId" : "5a751fab6abb5044e0d19ea1", "pageName" : "preview_402885816243d2dd016243f24c030002.html", "pageAliase" : "课程预览页面", "pageWebPath" : "/coursepre/", "pagePhysicalPath" : "F:\\develop\\xc_portal_static\\course\\preview\\", "pageType" : "1", "pageCreateTime" : { "$date" : "2018-04-19T14:47:45.221+0000" }, "templateId" : "5a925be7b00ffc4b3c1578b5", "htmlFileId" : "5ad8ad0068db523f9c699e26", "dataUrl" : "http://localhost:40200/portalview/course/get/402885816243d2dd016243f24c030002" }, "filename" : "preview_402885816243d2dd016243f24c030002.html", "aliases" : null, "chunkSize" : { "$numberLong" : "261120" }, "uploadDate" : { "$date" : "2018-04-19T14:52:13.379+0000" }, "length" : { "$numberLong" : "50497" }, "contentType" : null, "md5" : "8bc87b48a9ebaebda6011b661ded56df" }
{ "_id" : { "$oid" : "5ad8ad8068db523f9c699e2a" }, "metadata" : { "_class" : "com.xuecheng.framework.domain.cms.CmsPage", "_id" : { "$oid" : "5ad8ac1168db523f9c699e23" }, "siteId" : "5a751fab6abb5044e0d19ea1", "pageName" : "preview_402885816243d2dd016243f24c030002.html", "pageAliase" : "课程预览页面", "pageWebPath" : "/coursepre/", "pagePhysicalPath" : "F:\\develop\\xc_portal_static\\course\\preview\\", "pageType" : "1", "pageCreateTime" : { "$date" : "2018-04-19T14:47:45.221+0000" }, "templateId" : "5a925be7b00ffc4b3c1578b5", "htmlFileId" : "5ad8ad1d68db523f9c699e28", "dataUrl" : "http://localhost:40200/portalview/course/get/402885816243d2dd016243f24c030002" }, "filename" : "preview_402885816243d2dd016243f24c030002.html", "aliases" : null, "chunkSize" : { "$numberLong" : "261120" }, "uploadDate" : { "$date" : "2018-04-19T14:53:52.648+0000" }, "length" : { "$numberLong" : "50497" }, "contentType" : null, "md5" : "8bc87b48a9ebaebda6011b661ded56df" }
{ "_id" : { "$oid" : "5ad8adce68db523f9c699e2c" }, "metadata" : { "_class" : "com.xuecheng.framework.domain.cms.CmsPage", "_id" : { "$oid" : "5ad8ac1168db523f9c699e23" }, "siteId" : "5a751fab6abb5044e0d19ea1", "pageName" : "preview_402885816243d2dd016243f24c030002.html", "pageAliase" : "课程预览页面", "pageWebPath" : "/coursepre/", "pagePhysicalPath" : "F:\\develop\\xc_portal_static\\course\\preview\\", "pageType" : "1", "pageCreateTime" : { "$date" : "2018-04-19T14:47:45.221+0000" }, "templateId" : "5a925be7b00ffc4b3c1578b5", "htmlFileId" : "5ad8ad8068db523f9c699e2a", "dataUrl" : "http://localhost:40200/portalview/course/get/402885816243d2dd016243f24c030002" }, "filename" : "preview_402885816243d2dd016243f24c030002.html", "aliases" : null, "chunkSize" : { "$numberLong" : "261120" }, "uploadDate" : { "$date" : "2018-04-19T14:55:10.820+0000" }, "length" : { "$numberLong" : "50497" }, "contentType" : null, "md5" : "8bc87b48a9ebaebda6011b661ded56df" }
{ "_id" : { "$oid" : "5ad8ae6968db522ee8ff961e" }, "metadata" : { "_class" : "com.xuecheng.framework.domain.cms.CmsPage", "_id" : { "$oid" : "5ad8ac1168db523f9c699e23" }, "siteId" : "5a751fab6abb5044e0d19ea1", "pageName" : "preview_402885816243d2dd016243f24c030002.html", "pageAliase" : "课程预览页面", "pageWebPath" : "/coursepre/", "pagePhysicalPath" : "F:\\develop\\xc_portal_static\\course\\preview\\", "pageType" : "1", "pageCreateTime" : { "$date" : "2018-04-19T14:47:45.221+0000" }, "templateId" : "5a925be7b00ffc4b3c1578b5", "htmlFileId" : "5ad8adce68db523f9c699e2c", "dataUrl" : "http://localhost:40200/portalview/course/get/402885816243d2dd016243f24c030002" }, "filename" : "preview_402885816243d2dd016243f24c030002.html", "aliases" : null, "chunkSize" : { "$numberLong" : "261120" }, "uploadDate" : { "$date" : "2018-04-19T14:57:45.818+0000" }, "length" : { "$numberLong" : "50497" }, "contentType" : null, "md5" : "8bc87b48a9ebaebda6011b661ded56df" }
{ "_id" : { "$oid" : "5ad8ae9168db524f005ea06c" }, "metadata" : { "_class" : "com.xuecheng.framework.domain.cms.CmsPage", "_id" : { "$oid" : "5ad8ac1168db523f9c699e23" }, "siteId" : "5a751fab6abb5044e0d19ea1", "pageName" : "preview_402885816243d2dd016243f24c030002.html", "pageAliase" : "课程预览页面", "pageWebPath" : "/coursepre/", "pagePhysicalPath" : "F:\\develop\\xc_portal_static\\course\\preview\\", "pageType" : "1", "pageCreateTime" : { "$date" : "2018-04-19T14:47:45.221+0000" }, "templateId" : "5a925be7b00ffc4b3c1578b5", "htmlFileId" : "5ad8ae6968db522ee8ff961e", "dataUrl" : "http://localhost:40200/portalview/course/get/402885816243d2dd016243f24c030002" }, "filename" : "preview_402885816243d2dd016243f24c030002.html", "aliases" : null, "chunkSize" : { "$numberLong" : "261120" }, "uploadDate" : { "$date" : "2018-04-19T14:58:25.964+0000" }, "length" : { "$numberLong" : "50497" }, "contentType" : null, "md5" : "8bc87b48a9ebaebda6011b661ded56df" }
{ "_id" : { "$oid" : "5ad92e9168db52404cad0f7a" }, "metadata" : { "_class" : "com.xuecheng.framework.domain.cms.CmsPage", "_id" : { "$oid" : "5ad92e9068db52404cad0f79" }, "siteId" : "5a751fab6abb5044e0d19ea1", "pageName" : "preview_402885816243d2dd016243f24c030002.html", "pageAliase" : "课程预览页面", "pageWebPath" : "/coursepre/", "pagePhysicalPath" : "F:\\develop\\xc_portal_static\\course\\preview\\", "pageType" : "1", "pageCreateTime" : { "$date" : "2018-04-20T00:04:32.591+0000" }, "templateId" : "5a925be7b00ffc4b3c1578b5", "dataUrl" : "http://localhost:40200/portalview/course/get/402885816243d2dd016243f24c030002" }, "filename" : "preview_402885816243d2dd016243f24c030002.html", "aliases" : null, "chunkSize" : { "$numberLong" : "261120" }, "uploadDate" : { "$date" : "2018-04-20T00:04:33.139+0000" }, "length" : { "$numberLong" : "50497" }, "contentType" : null, "md5" : "8bc87b48a9ebaebda6011b661ded56df" }
{ "_id" : { "$oid" : "5ad93b0468db5205a4b8cdb5" }, "metadata" : { "_class" : "com.xuecheng.framework.domain.cms.CmsPage", "_id" : { "$oid" : "5ad92e9068db52404cad0f79" }, "siteId" : "5a751fab6abb5044e0d19ea1", "pageName" : "preview_402885816243d2dd016243f24c030002.html", "pageAliase" : "课程预览页面", "pageWebPath" : "/coursepre/", "pagePhysicalPath" : "F:\\develop\\xc_portal_static\\course\\preview\\", "pageType" : "1", "pageCreateTime" : { "$date" : "2018-04-20T00:04:32.591+0000" }, "templateId" : "5a925be7b00ffc4b3c1578b5", "htmlFileId" : "5ad92e9168db52404cad0f7a", "dataUrl" : "http://localhost:40200/portalview/course/get/402885816243d2dd016243f24c030002" }, "filename" : "preview_402885816243d2dd016243f24c030002.html", "aliases" : null, "chunkSize" : { "$numberLong" : "261120" }, "uploadDate" : { "$date" : "2018-04-20T00:57:40.909+0000" }, "length" : { "$numberLong" : "50497" }, "contentType" : null, "md5" : "8bc87b48a9ebaebda6011b661ded56df" }
{ "_id" : { "$oid" : "5ad942c668db5243ec846e8a" }, "metadata" : { "_class" : "com.xuecheng.framework.domain.cms.CmsPage", "_id" : { "$oid" : "5ad92e9068db52404cad0f79" }, "siteId" : "5a751fab6abb5044e0d19ea1", "pageName" : "preview_402885816243d2dd016243f24c030002.html", "pageAliase" : "课程预览页面", "pageWebPath" : "/coursepre/", "pagePhysicalPath" : "F:\\develop\\xc_portal_static\\course\\preview\\", "pageType" : "1", "pageCreateTime" : { "$date" : "2018-04-20T00:04:32.591+0000" }, "templateId" : "5a925be7b00ffc4b3c1578b5", "htmlFileId" : "5ad93b0468db5205a4b8cdb5", "dataUrl" : "http://localhost:40200/portalview/course/get/402885816243d2dd016243f24c030002" }, "filename" : "preview_402885816243d2dd016243f24c030002.html", "aliases" : null, "chunkSize" : { "$numberLong" : "261120" }, "uploadDate" : { "$date" : "2018-04-20T01:30:46.906+0000" }, "length" : { "$numberLong" : "50503" }, "contentType" : null, "md5" : "823f2e4094d1ce2177b34dc15e783359" }
{ "_id" : { "$oid" : "5ad9472468db5243ec846e8c" }, "metadata" : { "_class" : "com.xuecheng.framework.domain.cms.CmsPage", "_id" : { "$oid" : "5ad92e9068db52404cad0f79" }, "siteId" : "5a751fab6abb5044e0d19ea1", "pageName" : "preview_402885816243d2dd016243f24c030002.html", "pageAliase" : "课程预览页面", "pageWebPath" : "/coursepre/", "pagePhysicalPath" : "F:\\develop\\xc_portal_static\\course\\preview\\", "pageType" : "1", "pageCreateTime" : { "$date" : "2018-04-20T00:04:32.591+0000" }, "templateId" : "5a925be7b00ffc4b3c1578b5", "htmlFileId" : "5ad942c668db5243ec846e8a", "dataUrl" : "http://localhost:40200/portalview/course/get/402885816243d2dd016243f24c030002" }, "filename" : "preview_402885816243d2dd016243f24c030002.html", "aliases" : null, "chunkSize" : { "$numberLong" : "261120" }, "uploadDate" : { "$date" : "2018-04-20T01:49:24.377+0000" }, "length" : { "$numberLong" : "50503" }, "contentType" : null, "md5" : "823f2e4094d1ce2177b34dc15e783359" }
{ "_id" : { "$oid" : "5ad94b9168db5243ec846e8f" }, "metadata" : { "_class" : "com.xuecheng.framework.domain.cms.CmsPage", "_id" : { "$oid" : "5ad94b9168db5243ec846e8e" }, "siteId" : "5a751fab6abb5044e0d19ea1", "pageName" : "preview_4028858162e0bc0a0162e0bfdf1a0000.html", "pageAliase" : "课程预览页面", "pageWebPath" : "/coursepre/", "pagePhysicalPath" : "F:\\develop\\xc_portal_static\\course\\preview\\", "pageType" : "1", "pageCreateTime" : { "$date" : "2018-04-20T02:08:17.621+0000" }, "templateId" : "5a925be7b00ffc4b3c1578b5", "dataUrl" : "http://localhost:40200/portalview/course/get/4028858162e0bc0a0162e0bfdf1a0000" }, "filename" : "preview_4028858162e0bc0a0162e0bfdf1a0000.html", "aliases" : null, "chunkSize" : { "$numberLong" : "261120" }, "uploadDate" : { "$date" : "2018-04-20T02:08:17.689+0000" }, "length" : { "$numberLong" : "50253" }, "contentType" : null, "md5" : "8719db3afc6e78e147bb8d0749336f83" }
{ "_id" : { "$oid" : "5ad9a41d68db522910e00846" }, "filename" : "测试文件", "aliases" : null, "chunkSize" : { "$numberLong" : "261120" }, "uploadDate" : { "$date" : "2018-04-20T08:26:05.914+0000" }, "length" : { "$numberLong" : "198" }, "contentType" : "", "md5" : "4e4b5e2e84be1bd6469251d95b911898" }
{ "_id" : { "$oid" : "5ada955f68db524a909d30a9" }, "metadata" : { "_class" : "com.xuecheng.framework.domain.cms.CmsPage", "_id" : { "$oid" : "5ad99fb768db523ef42cd02d" }, "siteId" : "5a751fab6abb5044e0d19ea1", "pageName" : "preview_123.html", "pageAliase" : "课程预览页面", "pageWebPath" : "/coursepre/", "pagePhysicalPath" : "F:\\\\develop\\\\xc_portal_static\\\\course\\\\preview\\\\", "pageType" : "1", "pageCreateTime" : { "$date" : "2018-04-20T08:07:17.866+0000" }, "templateId" : "5ad9a24d68db5239b8fef199", "htmlFileId" : "5ada8ff668db524a909d30a6", "dataUrl" : "http://localhost:40200/portalview/course/get/123" }, "filename" : "preview_123.html", "aliases" : null, "chunkSize" : { "$numberLong" : "261120" }, "uploadDate" : { "$date" : "2018-04-21T01:35:27.895+0000" }, "length" : { "$numberLong" : "191" }, "contentType" : null, "md5" : "3745062c079ea467c7de56dcc173ece6" }
{ "_id" : { "$oid" : "5ae061b60e6618560cfde9a9" }, "metadata" : { "_class" : "com.xuecheng.framework.domain.cms.CmsPage", "_id" : { "$oid" : "5ada97cb68db526124fd79c3" }, "siteId" : "5a751fab6abb5044e0d19ea1", "pageName" : "preview_297e7c7c62b888f00162b8a965510001.html", "pageAliase" : "课程预览页面", "pageWebPath" : "/coursepre/", "pagePhysicalPath" : "F:\\\\develop\\\\xc_portal_static\\\\course\\\\preview\\\\", "pageType" : "1", "pageCreateTime" : { "$date" : "2018-04-21T01:45:47.870+0000" }, "templateId" : "5ad9a24d68db5239b8fef199", "htmlFileId" : "5adaaa7768db523d7044f3b1", "dataUrl" : "http://localhost:40200/portalview/course/get/297e7c7c62b888f00162b8a965510001" }, "filename" : "preview_297e7c7c62b888f00162b8a965510001.html", "aliases" : null, "chunkSize" : { "$numberLong" : "261120" }, "uploadDate" : { "$date" : "2018-04-25T11:08:38.538+0000" }, "length" : { "$numberLong" : "220" }, "contentType" : null, "md5" : "cdc19f72c306330bde85b3eeefff8e93" }
{ "_id" : { "$oid" : "5ae1973b0e6618644cd7a6fb" }, "metadata" : { "_class" : "com.xuecheng.framework.domain.cms.CmsPage", "_id" : { "$oid" : "5ae1973b0e6618644cd7a6fa" }, "siteId" : "5a751fab6abb5044e0d19ea1", "pageName" : "preview_297e7c7c62b8aa9d0162b8ab13910000.html", "pageAliase" : "课程预览页面", "pageWebPath" : "/coursepre/", "pagePhysicalPath" : "F:\\\\develop\\\\xc_portal_static\\\\course\\\\preview\\\\", "pageType" : "1", "pageCreateTime" : { "$date" : "2018-04-26T09:09:15.212+0000" }, "templateId" : "5ad9a24d68db5239b8fef199", "dataUrl" : "http://localhost:40200/portalview/course/get/297e7c7c62b8aa9d0162b8ab13910000" }, "filename" : "preview_297e7c7c62b8aa9d0162b8ab13910000.html", "aliases" : null, "chunkSize" : { "$numberLong" : "261120" }, "uploadDate" : { "$date" : "2018-04-26T09:09:15.637+0000" }, "length" : { "$numberLong" : "220" }, "contentType" : null, "md5" : "0fb03641969d17c9a8c70944d7a75fab" }
{ "_id" : { "$oid" : "5aec5d8c0e6618376c08e47d" }, "filename" : "测试文件", "aliases" : null, "chunkSize" : { "$numberLong" : "261120" }, "uploadDate" : { "$date" : "2018-05-04T13:18:04.419+0000" }, "length" : { "$numberLong" : "41510" }, "contentType" : "", "md5" : "c0d756266a11a78d76906bebad4a71aa" }
{ "_id" : { "$oid" : "5aec5e380e661805dc147cbe" }, "metadata" : { "_class" : "com.xuecheng.framework.domain.cms.CmsPage", "_id" : { "$oid" : "5ada939168db524a909d30a8" }, "siteId" : "5a751fab6abb5044e0d19ea1", "pageName" : "preview_297e7c7c62b888f00162b8a7dec20000.html", "pageAliase" : "课程预览页面", "pageWebPath" : "/coursepre/", "pagePhysicalPath" : "F:\\\\develop\\\\xc_portal_static\\\\course\\\\preview\\\\", "pageType" : "1", "pageCreateTime" : { "$date" : "2018-04-21T01:27:44.998+0000" }, "templateId" : "5ad9a24d68db5239b8fef199", "htmlFileId" : "5aec4da40e66180f80bfa216", "dataUrl" : "http://localhost:40200/portalview/course/get/297e7c7c62b888f00162b8a7dec20000" }, "filename" : "preview_297e7c7c62b888f00162b8a7dec20000.html", "aliases" : null, "chunkSize" : { "$numberLong" : "261120" }, "uploadDate" : { "$date" : "2018-05-04T13:20:56.141+0000" }, "length" : { "$numberLong" : "220" }, "contentType" : null, "md5" : "38b8ec615f63c561bd89c457af4dc793" }
{ "_id" : { "$oid" : "5aec78900e66183404307869" }, "metadata" : { "_class" : "com.xuecheng.framework.domain.cms.CmsPage", "_id" : { "$oid" : "5ada939168db524a909d30a8" }, "siteId" : "5a751fab6abb5044e0d19ea1", "pageName" : "preview_297e7c7c62b888f00162b8a7dec20000.html", "pageAliase" : "课程预览页面", "pageWebPath" : "/coursepre/", "pagePhysicalPath" : "F:\\\\develop\\\\xc_portal_static\\\\course\\\\preview\\\\", "pageType" : "1", "pageCreateTime" : { "$date" : "2018-05-04T15:13:20.050+0000" }, "templateId" : "5aec5dd70e661808240ab7a6", "dataUrl" : "http://localhost:40200/portalview/course/get/297e7c7c62b888f00162b8a7dec20000" }, "filename" : "preview_297e7c7c62b888f00162b8a7dec20000.html", "aliases" : null, "chunkSize" : { "$numberLong" : "261120" }, "uploadDate" : { "$date" : "2018-05-04T15:13:20.847+0000" }, "length" : { "$numberLong" : "39921" }, "contentType" : null, "md5" : "3c13dcbbb12f555a2d7b184ce51ea45d" }
{ "_id" : { "$oid" : "5aec7d470e6618340430786d" }, "metadata" : { "_class" : "com.xuecheng.framework.domain.cms.CmsPage", "_id" : { "$oid" : "5ada939168db524a909d30a8" }, "siteId" : "5a751fab6abb5044e0d19ea1", "pageName" : "preview_297e7c7c62b888f00162b8a7dec20000.html", "pageAliase" : "课程预览页面", "pageWebPath" : "/coursepre/", "pagePhysicalPath" : "F:\\\\develop\\\\xc_portal_static\\\\course\\\\preview\\\\", "pageType" : "1", "pageCreateTime" : { "$date" : "2018-05-04T15:33:27.703+0000" }, "templateId" : "5aec5dd70e661808240ab7a6", "htmlFileId" : "5aec7d470e6618340430786b", "dataUrl" : "http://localhost:40200/portalview/course/get/297e7c7c62b888f00162b8a7dec20000" }, "filename" : "preview_297e7c7c62b888f00162b8a7dec20000.html", "aliases" : null, "chunkSize" : { "$numberLong" : "261120" }, "uploadDate" : { "$date" : "2018-05-04T15:33:27.817+0000" }, "length" : { "$numberLong" : "39948" }, "contentType" : null, "md5" : "efab7e5b6cbd6c1e7114a26e083d7f1c" }
{ "_id" : { "$oid" : "5aec7d500e6618340430786f" }, "metadata" : { "_class" : "com.xuecheng.framework.domain.cms.CmsPage", "_id" : { "$oid" : "5ada939168db524a909d30a8" }, "siteId" : "5a751fab6abb5044e0d19ea1", "pageName" : "preview_297e7c7c62b888f00162b8a7dec20000.html", "pageAliase" : "课程预览页面", "pageWebPath" : "/coursepre/", "pagePhysicalPath" : "F:\\\\develop\\\\xc_portal_static\\\\course\\\\preview\\\\", "pageType" : "1", "pageCreateTime" : { "$date" : "2018-05-04T15:33:36.814+0000" }, "templateId" : "5aec5dd70e661808240ab7a6", "dataUrl" : "http://localhost:40200/portalview/course/get/297e7c7c62b888f00162b8a7dec20000" }, "filename" : "preview_297e7c7c62b888f00162b8a7dec20000.html", "aliases" : null, "chunkSize" : { "$numberLong" : "261120" }, "uploadDate" : { "$date" : "2018-05-04T15:33:36.850+0000" }, "length" : { "$numberLong" : "39948" }, "contentType" : null, "md5" : "efab7e5b6cbd6c1e7114a26e083d7f1c" }
{ "_id" : { "$oid" : "5aec7d790e66183404307871" }, "metadata" : { "_class" : "com.xuecheng.framework.domain.cms.CmsPage", "_id" : { "$oid" : "5ada939168db524a909d30a8" }, "siteId" : "5a751fab6abb5044e0d19ea1", "pageName" : "preview_297e7c7c62b888f00162b8a7dec20000.html", "pageAliase" : "课程预览页面", "pageWebPath" : "/coursepre/", "pagePhysicalPath" : "F:\\\\develop\\\\xc_portal_static\\\\course\\\\preview\\\\", "pageType" : "1", "pageCreateTime" : { "$date" : "2018-05-04T15:34:17.368+0000" }, "templateId" : "5aec5dd70e661808240ab7a6", "dataUrl" : "http://localhost:40200/portalview/course/get/297e7c7c62b888f00162b8a7dec20000" }, "filename" : "preview_297e7c7c62b888f00162b8a7dec20000.html", "aliases" : null, "chunkSize" : { "$numberLong" : "261120" }, "uploadDate" : { "$date" : "2018-05-04T15:34:17.404+0000" }, "length" : { "$numberLong" : "39948" }, "contentType" : null, "md5" : "efab7e5b6cbd6c1e7114a26e083d7f1c" }
{ "_id" : { "$oid" : "5aec7fb80e66183404307873" }, "metadata" : { "_class" : "com.xuecheng.framework.domain.cms.CmsPage", "_id" : { "$oid" : "5ada939168db524a909d30a8" }, "siteId" : "5a751fab6abb5044e0d19ea1", "pageName" : "preview_297e7c7c62b888f00162b8a7dec20000.html", "pageAliase" : "课程预览页面", "pageWebPath" : "/coursepre/", "pagePhysicalPath" : "F:\\\\develop\\\\xc_portal_static\\\\course\\\\preview\\\\", "pageType" : "1", "pageCreateTime" : { "$date" : "2018-05-04T15:43:52.161+0000" }, "templateId" : "5aec5dd70e661808240ab7a6", "dataUrl" : "http://localhost:40200/portalview/course/get/297e7c7c62b888f00162b8a7dec20000" }, "filename" : "preview_297e7c7c62b888f00162b8a7dec20000.html", "aliases" : null, "chunkSize" : { "$numberLong" : "261120" }, "uploadDate" : { "$date" : "2018-05-04T15:43:52.222+0000" }, "length" : { "$numberLong" : "39944" }, "contentType" : null, "md5" : "0d0a9c1fabe391915fa0c188a96914f7" }
{ "_id" : { "$oid" : "5aec80970e66183404307875" }, "metadata" : { "_class" : "com.xuecheng.framework.domain.cms.CmsPage", "_id" : { "$oid" : "5ada939168db524a909d30a8" }, "siteId" : "5a751fab6abb5044e0d19ea1", "pageName" : "preview_297e7c7c62b888f00162b8a7dec20000.html", "pageAliase" : "课程预览页面", "pageWebPath" : "/coursepre/", "pagePhysicalPath" : "F:\\\\develop\\\\xc_portal_static\\\\course\\\\preview\\\\", "pageType" : "1", "pageCreateTime" : { "$date" : "2018-05-04T15:47:35.316+0000" }, "templateId" : "5aec5dd70e661808240ab7a6", "dataUrl" : "http://localhost:40200/portalview/course/get/297e7c7c62b888f00162b8a7dec20000" }, "filename" : "preview_297e7c7c62b888f00162b8a7dec20000.html", "aliases" : null, "chunkSize" : { "$numberLong" : "261120" }, "uploadDate" : { "$date" : "2018-05-04T15:47:35.370+0000" }, "length" : { "$numberLong" : "41135" }, "contentType" : null, "md5" : "980296789b574fdf35dd5c41f29ad98b" }
{ "_id" : { "$oid" : "5aececec0e66185b64804c0d" }, "metadata" : { "_class" : "com.xuecheng.framework.domain.cms.CmsPage", "_id" : { "$oid" : "5ada939168db524a909d30a8" }, "siteId" : "5a751fab6abb5044e0d19ea1", "pageName" : "preview_297e7c7c62b888f00162b8a7dec20000.html", "pageAliase" : "课程预览页面", "pageWebPath" : "/coursepre/", "pagePhysicalPath" : "F:\\\\develop\\\\xc_portal_static\\\\course\\\\preview\\\\", "pageType" : "1", "pageCreateTime" : { "$date" : "2018-05-04T23:29:47.508+0000" }, "templateId" : "5aec5dd70e661808240ab7a6", "dataUrl" : "http://localhost:40200/portalview/course/get/297e7c7c62b888f00162b8a7dec20000" }, "filename" : "preview_297e7c7c62b888f00162b8a7dec20000.html", "aliases" : null, "chunkSize" : { "$numberLong" : "261120" }, "uploadDate" : { "$date" : "2018-05-04T23:29:48.054+0000" }, "length" : { "$numberLong" : "41135" }, "contentType" : null, "md5" : "980296789b574fdf35dd5c41f29ad98b" }
{ "_id" : { "$oid" : "5aed94100e66185b64804c0f" }, "metadata" : { "_class" : "com.xuecheng.framework.domain.cms.CmsPage", "_id" : { "$oid" : "5ada939168db524a909d30a8" }, "siteId" : "5a751fab6abb5044e0d19ea1", "pageName" : "preview_297e7c7c62b888f00162b8a7dec20000.html", "pageAliase" : "课程预览页面", "pageWebPath" : "/coursepre/", "pagePhysicalPath" : "F:\\\\develop\\\\xc_portal_static\\\\course\\\\preview\\\\", "pageType" : "1", "pageCreateTime" : { "$date" : "2018-05-05T11:22:56.021+0000" }, "templateId" : "5aec5dd70e661808240ab7a6", "dataUrl" : "http://localhost:40200/portalview/course/get/297e7c7c62b888f00162b8a7dec20000" }, "filename" : "preview_297e7c7c62b888f00162b8a7dec20000.html", "aliases" : null, "chunkSize" : { "$numberLong" : "261120" }, "uploadDate" : { "$date" : "2018-05-05T11:22:56.116+0000" }, "length" : { "$numberLong" : "41135" }, "contentType" : null, "md5" : "980296789b574fdf35dd5c41f29ad98b" }
{ "_id" : { "$oid" : "5aed94530e66185b64804c12" }, "metadata" : { "_class" : "com.xuecheng.framework.domain.cms.CmsPage", "_id" : { "$oid" : "5aed94530e66185b64804c11" }, "siteId" : "5a751fab6abb5044e0d19ea1", "pageName" : "preview_4028e581617f945f01617f9dabc40000.html", "pageAliase" : "课程预览页面", "pageWebPath" : "/coursepre/", "pagePhysicalPath" : "F:\\\\develop\\\\xc_portal_static\\\\course\\\\preview\\\\", "pageType" : "1", "pageCreateTime" : { "$date" : "2018-05-05T11:24:03.619+0000" }, "templateId" : "5aec5dd70e661808240ab7a6", "dataUrl" : "http://localhost:40200/portalview/course/get/4028e581617f945f01617f9dabc40000" }, "filename" : "preview_4028e581617f945f01617f9dabc40000.html", "aliases" : null, "chunkSize" : { "$numberLong" : "261120" }, "uploadDate" : { "$date" : "2018-05-05T11:24:03.677+0000" }, "length" : { "$numberLong" : "42386" }, "contentType" : null, "md5" : "e53c2b1ae5b99c99e8dac116cd1f35a6" }
{ "_id" : { "$oid" : "5af942660e661827d8e2f5e4" }, "metadata" : { "_class" : "com.xuecheng.framework.domain.cms.CmsPage", "_id" : { "$oid" : "5af942190e661827d8e2f5e3" }, "siteId" : "5a751fab6abb5044e0d19ea1", "pageName" : "preview_4028e58161bd3b380161bd3bcd2f0000.html", "pageAliase" : "课程预览页面", "pageWebPath" : "/coursepre/", "pagePhysicalPath" : "F:\\\\develop\\\\xc_portal_static\\\\course\\\\preview\\\\", "pageType" : "1", "pageCreateTime" : { "$date" : "2018-05-14T08:01:41.855+0000" }, "templateId" : "5aec5dd70e661808240ab7a6", "dataUrl" : "http://localhost:40200/portalview/course/get/4028e58161bd3b380161bd3bcd2f0000" }, "filename" : "preview_4028e58161bd3b380161bd3bcd2f0000.html", "aliases" : null, "chunkSize" : { "$numberLong" : "261120" }, "uploadDate" : { "$date" : "2018-05-14T08:01:42.445+0000" }, "length" : { "$numberLong" : "42661" }, "contentType" : null, "md5" : "e090b06dcd9a7cb7aeed85ef4de1aeae" }
{ "_id" : { "$oid" : "5afa87e80e661827d8e2f5e6" }, "metadata" : { "_class" : "com.xuecheng.framework.domain.cms.CmsPage", "_id" : { "$oid" : "5af942190e661827d8e2f5e3" }, "siteId" : "5a751fab6abb5044e0d19ea1", "pageName" : "preview_4028e58161bd3b380161bd3bcd2f0000.html", "pageAliase" : "课程预览页面", "pageWebPath" : "/coursepre/", "pagePhysicalPath" : "F:\\\\develop\\\\xc_portal_static\\\\course\\\\preview\\\\", "pageType" : "1", "pageCreateTime" : { "$date" : "2018-05-15T07:10:32.628+0000" }, "templateId" : "5aec5dd70e661808240ab7a6", "dataUrl" : "http://localhost:40200/portalview/course/get/4028e58161bd3b380161bd3bcd2f0000" }, "filename" : "preview_4028e58161bd3b380161bd3bcd2f0000.html", "aliases" : null, "chunkSize" : { "$numberLong" : "261120" }, "uploadDate" : { "$date" : "2018-05-15T07:10:32.748+0000" }, "length" : { "$numberLong" : "43047" }, "contentType" : null, "md5" : "23b01c08aabb7466f0b232cbd3100940" }
{ "_id" : { "$oid" : "5afbe7400e661827d8e2f5e8" }, "metadata" : { "_class" : "com.xuecheng.framework.domain.cms.CmsPage", "_id" : { "$oid" : "5af942190e661827d8e2f5e3" }, "siteId" : "5a751fab6abb5044e0d19ea1", "pageName" : "preview_4028e58161bd3b380161bd3bcd2f0000.html", "pageAliase" : "课程预览页面", "pageWebPath" : "/coursepre/", "pagePhysicalPath" : "F:\\\\develop\\\\xc_portal_static\\\\course\\\\preview\\\\", "pageType" : "1", "pageCreateTime" : { "$date" : "2018-05-16T08:09:36.292+0000" }, "templateId" : "5aec5dd70e661808240ab7a6", "dataUrl" : "http://localhost:40200/portalview/course/get/4028e58161bd3b380161bd3bcd2f0000" }, "filename" : "preview_4028e58161bd3b380161bd3bcd2f0000.html", "aliases" : null, "chunkSize" : { "$numberLong" : "261120" }, "uploadDate" : { "$date" : "2018-05-16T08:09:36.462+0000" }, "length" : { "$numberLong" : "43047" }, "contentType" : null, "md5" : "23b01c08aabb7466f0b232cbd3100940" }
{ "_id" : { "$oid" : "5afbe7ae0e661827d8e2f5ea" }, "metadata" : { "_class" : "com.xuecheng.framework.domain.cms.CmsPage", "_id" : { "$oid" : "5af942190e661827d8e2f5e3" }, "siteId" : "5a751fab6abb5044e0d19ea1", "pageName" : "preview_4028e58161bd3b380161bd3bcd2f0000.html", "pageAliase" : "课程预览页面", "pageWebPath" : "/coursepre/", "pagePhysicalPath" : "F:\\\\develop\\\\xc_portal_static\\\\course\\\\preview\\\\", "pageType" : "1", "pageCreateTime" : { "$date" : "2018-05-16T08:11:26.702+0000" }, "templateId" : "5aec5dd70e661808240ab7a6", "dataUrl" : "http://localhost:40200/portalview/course/get/4028e58161bd3b380161bd3bcd2f0000" }, "filename" : "preview_4028e58161bd3b380161bd3bcd2f0000.html", "aliases" : null, "chunkSize" : { "$numberLong" : "261120" }, "uploadDate" : { "$date" : "2018-05-16T08:11:26.778+0000" }, "length" : { "$numberLong" : "43047" }, "contentType" : null, "md5" : "23b01c08aabb7466f0b232cbd3100940" }
{ "_id" : { "$oid" : "5afc05df0e661827d8e2f5ec" }, "metadata" : { "_class" : "com.xuecheng.framework.domain.cms.CmsPage", "_id" : { "$oid" : "5af942190e661827d8e2f5e3" }, "siteId" : "5a751fab6abb5044e0d19ea1", "pageName" : "preview_4028e58161bd3b380161bd3bcd2f0000.html", "pageAliase" : "课程预览页面", "pageWebPath" : "/coursepre/", "pagePhysicalPath" : "F:\\\\develop\\\\xc_portal_static\\\\course\\\\preview\\\\", "pageType" : "1", "pageCreateTime" : { "$date" : "2018-05-16T10:20:15.515+0000" }, "templateId" : "5aec5dd70e661808240ab7a6", "dataUrl" : "http://localhost:40200/portalview/course/get/4028e58161bd3b380161bd3bcd2f0000" }, "filename" : "preview_4028e58161bd3b380161bd3bcd2f0000.html", "aliases" : null, "chunkSize" : { "$numberLong" : "261120" }, "uploadDate" : { "$date" : "2018-05-16T10:20:15.624+0000" }, "length" : { "$numberLong" : "43047" }, "contentType" : null, "md5" : "23b01c08aabb7466f0b232cbd3100940" }
{ "_id" : { "$oid" : "5afc08d90e661827d8e2f5ee" }, "metadata" : { "_class" : "com.xuecheng.framework.domain.cms.CmsPage", "_id" : { "$oid" : "5af942190e661827d8e2f5e3" }, "siteId" : "5a751fab6abb5044e0d19ea1", "pageName" : "preview_4028e58161bd3b380161bd3bcd2f0000.html", "pageAliase" : "课程预览页面", "pageWebPath" : "/coursepre/", "pagePhysicalPath" : "F:\\\\develop\\\\xc_portal_static\\\\course\\\\preview\\\\", "pageType" : "1", "pageCreateTime" : { "$date" : "2018-05-16T10:32:57.052+0000" }, "templateId" : "5aec5dd70e661808240ab7a6", "dataUrl" : "http://localhost:40200/portalview/course/get/4028e58161bd3b380161bd3bcd2f0000" }, "filename" : "preview_4028e58161bd3b380161bd3bcd2f0000.html", "aliases" : null, "chunkSize" : { "$numberLong" : "261120" }, "uploadDate" : { "$date" : "2018-05-16T10:32:57.178+0000" }, "length" : { "$numberLong" : "43047" }, "contentType" : null, "md5" : "23b01c08aabb7466f0b232cbd3100940" }
{ "_id" : { "$oid" : "5afc090c0e661827d8e2f5f0" }, "metadata" : { "_class" : "com.xuecheng.framework.domain.cms.CmsPage", "_id" : { "$oid" : "5af942190e661827d8e2f5e3" }, "siteId" : "5a751fab6abb5044e0d19ea1", "pageName" : "preview_4028e58161bd3b380161bd3bcd2f0000.html", "pageAliase" : "课程预览页面", "pageWebPath" : "/coursepre/", "pagePhysicalPath" : "F:\\\\develop\\\\xc_portal_static\\\\course\\\\preview\\\\", "pageType" : "1", "pageCreateTime" : { "$date" : "2018-05-16T10:33:48.626+0000" }, "templateId" : "5aec5dd70e661808240ab7a6", "dataUrl" : "http://localhost:40200/portalview/course/get/4028e58161bd3b380161bd3bcd2f0000" }, "filename" : "preview_4028e58161bd3b380161bd3bcd2f0000.html", "aliases" : null, "chunkSize" : { "$numberLong" : "261120" }, "uploadDate" : { "$date" : "2018-05-16T10:33:48.673+0000" }, "length" : { "$numberLong" : "43047" }, "contentType" : null, "md5" : "23b01c08aabb7466f0b232cbd3100940" }
{ "_id" : { "$oid" : "5afc095a0e661827d8e2f5f2" }, "metadata" : { "_class" : "com.xuecheng.framework.domain.cms.CmsPage", "_id" : { "$oid" : "5af942190e661827d8e2f5e3" }, "siteId" : "5a751fab6abb5044e0d19ea1", "pageName" : "preview_4028e58161bd3b380161bd3bcd2f0000.html", "pageAliase" : "课程预览页面", "pageWebPath" : "/coursepre/", "pagePhysicalPath" : "F:\\\\develop\\\\xc_portal_static\\\\course\\\\preview\\\\", "pageType" : "1", "pageCreateTime" : { "$date" : "2018-05-16T10:35:06.266+0000" }, "templateId" : "5aec5dd70e661808240ab7a6", "dataUrl" : "http://localhost:40200/portalview/course/get/4028e58161bd3b380161bd3bcd2f0000" }, "filename" : "preview_4028e58161bd3b380161bd3bcd2f0000.html", "aliases" : null, "chunkSize" : { "$numberLong" : "261120" }, "uploadDate" : { "$date" : "2018-05-16T10:35:06.304+0000" }, "length" : { "$numberLong" : "43047" }, "contentType" : null, "md5" : "23b01c08aabb7466f0b232cbd3100940" }
{ "_id" : { "$oid" : "5afc09af0e661870603bc0eb" }, "metadata" : { "_class" : "com.xuecheng.framework.domain.cms.CmsPage", "_id" : { "$oid" : "5af942190e661827d8e2f5e3" }, "siteId" : "5a751fab6abb5044e0d19ea1", "pageName" : "preview_4028e58161bd3b380161bd3bcd2f0000.html", "pageAliase" : "课程预览页面", "pageWebPath" : "/coursepre/", "pagePhysicalPath" : "F:\\\\develop\\\\xc_portal_static\\\\course\\\\preview\\\\", "pageType" : "1", "pageCreateTime" : { "$date" : "2018-05-16T10:36:31.458+0000" }, "templateId" : "5aec5dd70e661808240ab7a6", "dataUrl" : "http://localhost:40200/portalview/course/getpre/4028e58161bd3b380161bd3bcd2f0000" }, "filename" : "preview_4028e58161bd3b380161bd3bcd2f0000.html", "aliases" : null, "chunkSize" : { "$numberLong" : "261120" }, "uploadDate" : { "$date" : "2018-05-16T10:36:31.925+0000" }, "length" : { "$numberLong" : "43050" }, "contentType" : null, "md5" : "a1d2b6be4ce4dffeaf17b7449eee1ce9" }
{ "_id" : { "$oid" : "5afc0e250e661870603bc0ed" }, "metadata" : { "_class" : "com.xuecheng.framework.domain.cms.CmsPage", "_id" : { "$oid" : "5af942190e661827d8e2f5e3" }, "siteId" : "5a751fab6abb5044e0d19ea1", "pageName" : "preview_4028e58161bd3b380161bd3bcd2f0000.html", "pageAliase" : "课程预览页面", "pageWebPath" : "/coursepre/", "pagePhysicalPath" : "F:\\\\develop\\\\xc_portal_static\\\\course\\\\preview\\\\", "pageType" : "1", "pageCreateTime" : { "$date" : "2018-05-16T10:55:33.276+0000" }, "templateId" : "5aec5dd70e661808240ab7a6", "dataUrl" : "http://localhost:40200/portalview/course/getpre/4028e58161bd3b380161bd3bcd2f0000" }, "filename" : "preview_4028e58161bd3b380161bd3bcd2f0000.html", "aliases" : null, "chunkSize" : { "$numberLong" : "261120" }, "uploadDate" : { "$date" : "2018-05-16T10:55:33.331+0000" }, "length" : { "$numberLong" : "43050" }, "contentType" : null, "md5" : "a1d2b6be4ce4dffeaf17b7449eee1ce9" }
{ "_id" : { "$oid" : "5b08f43ac5e9b746bc8cd633" }, "metadata" : { "_class" : "com.xuecheng.framework.domain.cms.CmsPage", "_id" : { "$oid" : "5ad92e9068db52404cad0f79" }, "siteId" : "5a751fab6abb5044e0d19ea1", "pageName" : "preview_402885816243d2dd016243f24c030002.html", "pageAliase" : "课程预览页面", "pageWebPath" : "/coursepre/", "pagePhysicalPath" : "F:\\\\develop\\\\xc_portal_static\\\\course\\\\preview\\\\", "pageType" : "1", "pageCreateTime" : { "$date" : "2018-05-26T05:44:26.260+0000" }, "templateId" : "5aec5dd70e661808240ab7a6", "dataUrl" : "http://localhost:40200/portalview/course/getpre/402885816243d2dd016243f24c030002" }, "filename" : "preview_402885816243d2dd016243f24c030002.html", "aliases" : null, "chunkSize" : { "$numberLong" : "261120" }, "uploadDate" : { "$date" : "2018-05-26T05:44:26.317+0000" }, "length" : { "$numberLong" : "39962" }, "contentType" : null, "md5" : "4e0fe6adffe6069c8d8faa1ee6963b80" }
{ "_id" : { "$oid" : "5b08f52bc5e9b746bc8cd635" }, "metadata" : { "_class" : "com.xuecheng.framework.domain.cms.CmsPage", "_id" : { "$oid" : "5ad92e9068db52404cad0f79" }, "siteId" : "5a751fab6abb5044e0d19ea1", "pageName" : "preview_402885816243d2dd016243f24c030002.html", "pageAliase" : "课程预览页面", "pageWebPath" : "/coursepre/", "pagePhysicalPath" : "F:\\\\develop\\\\xc_portal_static\\\\course\\\\preview\\\\", "pageType" : "1", "pageCreateTime" : { "$date" : "2018-05-26T05:48:27.466+0000" }, "templateId" : "5aec5dd70e661808240ab7a6", "dataUrl" : "http://localhost:40200/portalview/course/getpre/402885816243d2dd016243f24c030002" }, "filename" : "preview_402885816243d2dd016243f24c030002.html", "aliases" : null, "chunkSize" : { "$numberLong" : "261120" }, "uploadDate" : { "$date" : "2018-05-26T05:48:27.505+0000" }, "length" : { "$numberLong" : "40450" }, "contentType" : null, "md5" : "9a7763fc71bf4583e3fe41cc30439ac7" }
{ "_id" : { "$oid" : "5b08f81cc5e9b7314cc3650b" }, "metadata" : { "_class" : "com.xuecheng.framework.domain.cms.CmsPage", "_id" : { "$oid" : "5ad92e9068db52404cad0f79" }, "siteId" : "5a751fab6abb5044e0d19ea1", "pageName" : "preview_402885816243d2dd016243f24c030002.html", "pageAliase" : "课程预览页面", "pageWebPath" : "/coursepre/", "pagePhysicalPath" : "F:\\\\eduprojects\\\\xc-edu-snapshotv1.0\\\\xc-ui-pc-static-portal\\\\course\\\\preview\\\\", "pageType" : "1", "pageCreateTime" : { "$date" : "2018-05-26T06:01:00.215+0000" }, "templateId" : "5aec5dd70e661808240ab7a6", "dataUrl" : "http://localhost:40200/portalview/course/getpre/402885816243d2dd016243f24c030002" }, "filename" : "preview_402885816243d2dd016243f24c030002.html", "aliases" : null, "chunkSize" : { "$numberLong" : "261120" }, "uploadDate" : { "$date" : "2018-05-26T06:01:00.622+0000" }, "length" : { "$numberLong" : "40446" }, "contentType" : null, "md5" : "d3d0ae7552ead707e0da40ada351e90b" }
{ "_id" : { "$oid" : "5b091b9dc5e9b7314cc3650d" }, "metadata" : { "_class" : "com.xuecheng.framework.domain.cms.CmsPage", "_id" : { "$oid" : "5ad92e9068db52404cad0f79" }, "siteId" : "5a751fab6abb5044e0d19ea1", "pageName" : "preview_402885816243d2dd016243f24c030002.html", "pageAliase" : "课程预览页面", "pageWebPath" : "/coursepre/", "pagePhysicalPath" : "F:\\\\eduprojects\\\\xc-edu-snapshotv1.0\\\\xc-ui-pc-static-portal\\\\course\\\\preview\\\\", "pageType" : "1", "pageCreateTime" : { "$date" : "2018-05-26T08:32:29.624+0000" }, "templateId" : "5aec5dd70e661808240ab7a6", "dataUrl" : "http://localhost:40200/portalview/course/getpre/402885816243d2dd016243f24c030002" }, "filename" : "preview_402885816243d2dd016243f24c030002.html", "aliases" : null, "chunkSize" : { "$numberLong" : "261120" }, "uploadDate" : { "$date" : "2018-05-26T08:32:29.723+0000" }, "length" : { "$numberLong" : "40446" }, "contentType" : null, "md5" : "d3d0ae7552ead707e0da40ada351e90b" }
{ "_id" : { "$oid" : "5b091c13c5e9b72878e5e194" }, "metadata" : { "_class" : "com.xuecheng.framework.domain.cms.CmsPage", "_id" : { "$oid" : "5ad92e9068db52404cad0f79" }, "siteId" : "5a751fab6abb5044e0d19ea1", "pageName" : "preview_402885816243d2dd016243f24c030002.html", "pageAliase" : "课程预览页面", "pageWebPath" : "/coursepre/", "pagePhysicalPath" : "F:\\\\eduprojects\\\\xc-edu-snapshotv1.0\\\\xc-ui-pc-static-portal\\\\course\\\\preview\\\\", "pageType" : "1", "pageCreateTime" : { "$date" : "2018-05-26T08:34:26.567+0000" }, "templateId" : "5aec5dd70e661808240ab7a6", "dataUrl" : "http://localhost:40200/portalview/course/getpre/402885816243d2dd016243f24c030002" }, "filename" : "preview_402885816243d2dd016243f24c030002.html", "aliases" : null, "chunkSize" : { "$numberLong" : "261120" }, "uploadDate" : { "$date" : "2018-05-26T08:34:27.021+0000" }, "length" : { "$numberLong" : "40446" }, "contentType" : null, "md5" : "d3d0ae7552ead707e0da40ada351e90b" }
{ "_id" : { "$oid" : "5b091f93c5e9b7070c94a2b9" }, "metadata" : { "_class" : "com.xuecheng.framework.domain.cms.CmsPage", "_id" : { "$oid" : "5ad92e9068db52404cad0f79" }, "siteId" : "5a751fab6abb5044e0d19ea1", "pageName" : "preview_402885816243d2dd016243f24c030002.html", "pageAliase" : "课程预览页面", "pageWebPath" : "/coursepre/", "pagePhysicalPath" : "F:/eduprojects/xc-edu-snapshotv1.0/xc-ui-pc-static-portal/course/preview/", "pageType" : "1", "pageCreateTime" : { "$date" : "2018-05-26T08:49:15.848+0000" }, "templateId" : "5aec5dd70e661808240ab7a6", "dataUrl" : "http://localhost:40200/portalview/course/getpre/402885816243d2dd016243f24c030002" }, "filename" : "preview_402885816243d2dd016243f24c030002.html", "aliases" : null, "chunkSize" : { "$numberLong" : "261120" }, "uploadDate" : { "$date" : "2018-05-26T08:49:23.947+0000" }, "length" : { "$numberLong" : "40446" }, "contentType" : null, "md5" : "d3d0ae7552ead707e0da40ada351e90b" }
{ "_id" : { "$oid" : "5b091f97c5e9b7070c94a2bb" }, "metadata" : { "_class" : "com.xuecheng.framework.domain.cms.CmsPage", "_id" : { "$oid" : "5ad92e9068db52404cad0f79" }, "siteId" : "5a751fab6abb5044e0d19ea1", "pageName" : "preview_402885816243d2dd016243f24c030002.html", "pageAliase" : "课程预览页面", "pageWebPath" : "/coursepre/", "pagePhysicalPath" : "F:/eduprojects/xc-edu-snapshotv1.0/xc-ui-pc-static-portal/course/preview/", "pageType" : "1", "pageCreateTime" : { "$date" : "2018-05-26T08:49:27.909+0000" }, "templateId" : "5aec5dd70e661808240ab7a6", "dataUrl" : "http://localhost:40200/portalview/course/getpre/402885816243d2dd016243f24c030002" }, "filename" : "preview_402885816243d2dd016243f24c030002.html", "aliases" : null, "chunkSize" : { "$numberLong" : "261120" }, "uploadDate" : { "$date" : "2018-05-26T08:49:27.956+0000" }, "length" : { "$numberLong" : "40446" }, "contentType" : null, "md5" : "d3d0ae7552ead707e0da40ada351e90b" }
